"LOCATION","INDICATOR","SUBJECT","MEASURE","FREQUENCY","TIME","Value","Flag Codes"
"AUS","BOP","TOT","PC_GDP","A","2000",-4.111898,
"AUS","BOP","TOT","PC_GDP","A","2001",-2.251086,
"AUS","BOP","TOT","PC_GDP","A","2002",-3.799267,
"AUS","BOP","TOT","PC_GDP","A","2003",-5.35313,
"AUS","BOP","TOT","PC_GDP","A","2004",-6.309295,
"AUS","BOP","TOT","PC_GDP","A","2005",-5.955018,
"AUS","BOP","TOT","PC_GDP","A","2006",-5.867005,
"AUS","BOP","TOT","PC_GDP","A","2007",-6.712225,
"AUS","BOP","TOT","PC_GDP","A","2008",-4.779202,
"AUS","BOP","TOT","PC_GDP","A","2009",-4.658998,
"AUS","BOP","TOT","PC_GDP","A","2010",-3.676057,
"AUS","BOP","TOT","PC_GDP","A","2011",-3.081861,
"AUS","BOP","TOT","PC_GDP","A","2012",-4.296679,
"AUS","BOP","TOT","PC_GDP","A","2013",-3.383618,
"AUS","BOP","TOT","PC_GDP","A","2014",-3.071517,
"AUS","BOP","TOT","PC_GDP","A","2015",-4.616569,
"AUS","BOP","TOT","PC_GDP","A","2016",-3.291255,
"AUS","BOP","TOT","PC_GDP","A","2017",-2.564831,
"AUS","BOP","TOT","PC_GDP","A","2018",-2.090521,
"AUT","BOP","TOT","PC_GDP","A","2000",-0.7078437,
"AUT","BOP","TOT","PC_GDP","A","2001",-0.7958279,
"AUT","BOP","TOT","PC_GDP","A","2002",2.10157,
"AUT","BOP","TOT","PC_GDP","A","2003",1.546607,
"AUT","BOP","TOT","PC_GDP","A","2004",2.075526,
"AUT","BOP","TOT","PC_GDP","A","2005",2.257994,
"AUT","BOP","TOT","PC_GDP","A","2006",3.294322,
"AUT","BOP","TOT","PC_GDP","A","2007",3.802408,
"AUT","BOP","TOT","PC_GDP","A","2008",4.48969,
"AUT","BOP","TOT","PC_GDP","A","2009",2.596825,
"AUT","BOP","TOT","PC_GDP","A","2010",2.855051,
"AUT","BOP","TOT","PC_GDP","A","2011",1.630936,
"AUT","BOP","TOT","PC_GDP","A","2012",1.48249,
"AUT","BOP","TOT","PC_GDP","A","2013",1.942205,
"AUT","BOP","TOT","PC_GDP","A","2014",2.47369,
"AUT","BOP","TOT","PC_GDP","A","2015",1.725394,
"AUT","BOP","TOT","PC_GDP","A","2016",2.723933,
"AUT","BOP","TOT","PC_GDP","A","2017",1.374068,
"AUT","BOP","TOT","PC_GDP","A","2018",1.257,
"BEL","BOP","TOT","PC_GDP","A","2003",3.536538,
"BEL","BOP","TOT","PC_GDP","A","2004",3.284845,
"BEL","BOP","TOT","PC_GDP","A","2005",2.108322,
"BEL","BOP","TOT","PC_GDP","A","2006",1.915162,
"BEL","BOP","TOT","PC_GDP","A","2007",1.967799,
"BEL","BOP","TOT","PC_GDP","A","2008",-1.007304,
"BEL","BOP","TOT","PC_GDP","A","2009",1.602031,
"BEL","BOP","TOT","PC_GDP","A","2010",1.632858,
"BEL","BOP","TOT","PC_GDP","A","2011",-1.951604,
"BEL","BOP","TOT","PC_GDP","A","2012",-0.07564942,
"BEL","BOP","TOT","PC_GDP","A","2013",0.9462687,
"BEL","BOP","TOT","PC_GDP","A","2014",0.7708375,
"BEL","BOP","TOT","PC_GDP","A","2015",1.380017,
"BEL","BOP","TOT","PC_GDP","A","2016",0.5626946,
"BEL","BOP","TOT","PC_GDP","A","2017",0.7010793,
"BEL","BOP","TOT","PC_GDP","A","2018",-0.7816284,
"CAN","BOP","TOT","PC_GDP","A","2000",2.542115,
"CAN","BOP","TOT","PC_GDP","A","2001",2.207457,
"CAN","BOP","TOT","PC_GDP","A","2002",1.744638,
"CAN","BOP","TOT","PC_GDP","A","2003",1.225632,
"CAN","BOP","TOT","PC_GDP","A","2004",2.344628,
"CAN","BOP","TOT","PC_GDP","A","2005",1.903751,
"CAN","BOP","TOT","PC_GDP","A","2006",1.446402,
"CAN","BOP","TOT","PC_GDP","A","2007",0.826268,
"CAN","BOP","TOT","PC_GDP","A","2008",0.1249234,
"CAN","BOP","TOT","PC_GDP","A","2009",-2.90986,
"CAN","BOP","TOT","PC_GDP","A","2010",-3.565923,
"CAN","BOP","TOT","PC_GDP","A","2011",-2.716895,
"CAN","BOP","TOT","PC_GDP","A","2012",-3.533229,
"CAN","BOP","TOT","PC_GDP","A","2013",-3.142545,
"CAN","BOP","TOT","PC_GDP","A","2014",-2.319554,
"CAN","BOP","TOT","PC_GDP","A","2015",-3.495822,
"CAN","BOP","TOT","PC_GDP","A","2016",-3.097635,
"CAN","BOP","TOT","PC_GDP","A","2017",-2.807754,
"CAN","BOP","TOT","PC_GDP","A","2018",-2.497816,
"CZE","BOP","TOT","PC_GDP","A","2000",-4.386372,
"CZE","BOP","TOT","PC_GDP","A","2001",-4.856893,
"CZE","BOP","TOT","PC_GDP","A","2002",-5.070851,
"CZE","BOP","TOT","PC_GDP","A","2003",-5.675949,
"CZE","BOP","TOT","PC_GDP","A","2004",-3.756571,
"CZE","BOP","TOT","PC_GDP","A","2005",-2.111688,
"CZE","BOP","TOT","PC_GDP","A","2006",-2.442447,
"CZE","BOP","TOT","PC_GDP","A","2007",-4.582795,
"CZE","BOP","TOT","PC_GDP","A","2008",-1.869768,
"CZE","BOP","TOT","PC_GDP","A","2009",-2.252148,
"CZE","BOP","TOT","PC_GDP","A","2010",-3.541027,
"CZE","BOP","TOT","PC_GDP","A","2011",-2.09354,
"CZE","BOP","TOT","PC_GDP","A","2012",-1.548631,
"CZE","BOP","TOT","PC_GDP","A","2013",-0.5389868,
"CZE","BOP","TOT","PC_GDP","A","2014",0.1925666,
"CZE","BOP","TOT","PC_GDP","A","2015",0.4461656,
"CZE","BOP","TOT","PC_GDP","A","2016",1.788828,
"CZE","BOP","TOT","PC_GDP","A","2017",1.559846,
"CZE","BOP","TOT","PC_GDP","A","2018",0.4317922,
"DNK","BOP","TOT","PC_GDP","A","2005",4.194326,
"DNK","BOP","TOT","PC_GDP","A","2006",3.329343,
"DNK","BOP","TOT","PC_GDP","A","2007",1.433827,
"DNK","BOP","TOT","PC_GDP","A","2008",2.912379,
"DNK","BOP","TOT","PC_GDP","A","2009",3.466034,
"DNK","BOP","TOT","PC_GDP","A","2010",6.554009,
"DNK","BOP","TOT","PC_GDP","A","2011",6.586188,
"DNK","BOP","TOT","PC_GDP","A","2012",6.27759,
"DNK","BOP","TOT","PC_GDP","A","2013",7.757296,
"DNK","BOP","TOT","PC_GDP","A","2014",8.917294,
"DNK","BOP","TOT","PC_GDP","A","2015",8.247864,
"DNK","BOP","TOT","PC_GDP","A","2016",7.766276,
"DNK","BOP","TOT","PC_GDP","A","2017",8.078052,
"DNK","BOP","TOT","PC_GDP","A","2018",7.044227,
"FIN","BOP","TOT","PC_GDP","A","2000",7.533726,
"FIN","BOP","TOT","PC_GDP","A","2001",8.049869,
"FIN","BOP","TOT","PC_GDP","A","2002",8.214099,
"FIN","BOP","TOT","PC_GDP","A","2003",4.640687,
"FIN","BOP","TOT","PC_GDP","A","2004",5.758111,
"FIN","BOP","TOT","PC_GDP","A","2005",3.034546,
"FIN","BOP","TOT","PC_GDP","A","2006",3.926958,
"FIN","BOP","TOT","PC_GDP","A","2007",4.019184,
"FIN","BOP","TOT","PC_GDP","A","2008",2.541282,
"FIN","BOP","TOT","PC_GDP","A","2009",1.991299,
"FIN","BOP","TOT","PC_GDP","A","2010",1.490973,
"FIN","BOP","TOT","PC_GDP","A","2011",-1.431463,
"FIN","BOP","TOT","PC_GDP","A","2012",-2.050635,
"FIN","BOP","TOT","PC_GDP","A","2013",-1.796397,
"FIN","BOP","TOT","PC_GDP","A","2014",-1.332353,
"FIN","BOP","TOT","PC_GDP","A","2015",-0.9355558,
"FIN","BOP","TOT","PC_GDP","A","2016",-1.999365,
"FIN","BOP","TOT","PC_GDP","A","2017",-0.7973501,
"FIN","BOP","TOT","PC_GDP","A","2018",-1.751724,
"FRA","BOP","TOT","PC_GDP","A","2000",1.106394,
"FRA","BOP","TOT","PC_GDP","A","2001",1.573457,
"FRA","BOP","TOT","PC_GDP","A","2002",1.149505,
"FRA","BOP","TOT","PC_GDP","A","2003",0.8332212,
"FRA","BOP","TOT","PC_GDP","A","2004",0.5374283,
"FRA","BOP","TOT","PC_GDP","A","2005",0.1052079,
"FRA","BOP","TOT","PC_GDP","A","2006",0.2503427,
"FRA","BOP","TOT","PC_GDP","A","2007",-0.0963068,
"FRA","BOP","TOT","PC_GDP","A","2008",-0.6958783,
"FRA","BOP","TOT","PC_GDP","A","2009",-0.5506884,
"FRA","BOP","TOT","PC_GDP","A","2010",-0.6338711,
"FRA","BOP","TOT","PC_GDP","A","2011",-0.864669,
"FRA","BOP","TOT","PC_GDP","A","2012",-0.9653018,
"FRA","BOP","TOT","PC_GDP","A","2013",-0.5094889,
"FRA","BOP","TOT","PC_GDP","A","2014",-0.9574005,
"FRA","BOP","TOT","PC_GDP","A","2015",-0.3659273,
"FRA","BOP","TOT","PC_GDP","A","2016",-0.4869296,
"FRA","BOP","TOT","PC_GDP","A","2017",-0.7701876,
"FRA","BOP","TOT","PC_GDP","A","2018",-0.561478,
"DEU","BOP","TOT","PC_GDP","A","2000",-1.759856,
"DEU","BOP","TOT","PC_GDP","A","2001",-0.3707789,
"DEU","BOP","TOT","PC_GDP","A","2002",1.884301,
"DEU","BOP","TOT","PC_GDP","A","2003",1.409045,
"DEU","BOP","TOT","PC_GDP","A","2004",4.535457,
"DEU","BOP","TOT","PC_GDP","A","2005",4.682846,
"DEU","BOP","TOT","PC_GDP","A","2006",5.760584,
"DEU","BOP","TOT","PC_GDP","A","2007",6.853253,
"DEU","BOP","TOT","PC_GDP","A","2008",5.693753,
"DEU","BOP","TOT","PC_GDP","A","2009",5.835599,
"DEU","BOP","TOT","PC_GDP","A","2010",5.755056,
"DEU","BOP","TOT","PC_GDP","A","2011",6.223441,
"DEU","BOP","TOT","PC_GDP","A","2012",7.128019,
"DEU","BOP","TOT","PC_GDP","A","2013",6.544728,
"DEU","BOP","TOT","PC_GDP","A","2014",7.191778,
"DEU","BOP","TOT","PC_GDP","A","2015",8.606073,
"DEU","BOP","TOT","PC_GDP","A","2016",8.524475,
"DEU","BOP","TOT","PC_GDP","A","2017",7.781719,
"DEU","BOP","TOT","PC_GDP","A","2018",7.367943,
"GRC","BOP","TOT","PC_GDP","A","2002",-6.830385,
"GRC","BOP","TOT","PC_GDP","A","2003",-8.450858,
"GRC","BOP","TOT","PC_GDP","A","2004",-7.710263,
"GRC","BOP","TOT","PC_GDP","A","2005",-8.870605,
"GRC","BOP","TOT","PC_GDP","A","2006",-11.48619,
"GRC","BOP","TOT","PC_GDP","A","2007",-15.18772,
"GRC","BOP","TOT","PC_GDP","A","2008",-15.11258,
"GRC","BOP","TOT","PC_GDP","A","2009",-12.34601,
"GRC","BOP","TOT","PC_GDP","A","2010",-10.02117,
"GRC","BOP","TOT","PC_GDP","A","2011",-8.612326,
"GRC","BOP","TOT","PC_GDP","A","2012",-3.484238,
"GRC","BOP","TOT","PC_GDP","A","2013",-1.432571,
"GRC","BOP","TOT","PC_GDP","A","2014",-0.7388481,
"GRC","BOP","TOT","PC_GDP","A","2015",-0.8106811,
"GRC","BOP","TOT","PC_GDP","A","2016",-1.728163,
"GRC","BOP","TOT","PC_GDP","A","2017",-1.889938,
"GRC","BOP","TOT","PC_GDP","A","2018",-2.831952,
"HUN","BOP","TOT","PC_GDP","A","2000",-8.81428,
"HUN","BOP","TOT","PC_GDP","A","2001",-6.167403,
"HUN","BOP","TOT","PC_GDP","A","2002",-6.332312,
"HUN","BOP","TOT","PC_GDP","A","2003",-8.231828,
"HUN","BOP","TOT","PC_GDP","A","2004",-9.088825,
"HUN","BOP","TOT","PC_GDP","A","2005",-7.189219,
"HUN","BOP","TOT","PC_GDP","A","2006",-7.29449,
"HUN","BOP","TOT","PC_GDP","A","2007",-7.268195,
"HUN","BOP","TOT","PC_GDP","A","2008",-7.077733,
"HUN","BOP","TOT","PC_GDP","A","2009",-0.731424,
"HUN","BOP","TOT","PC_GDP","A","2010",0.2913991,
"HUN","BOP","TOT","PC_GDP","A","2011",0.5746012,
"HUN","BOP","TOT","PC_GDP","A","2012",1.577437,
"HUN","BOP","TOT","PC_GDP","A","2013",3.446998,
"HUN","BOP","TOT","PC_GDP","A","2014",1.148006,
"HUN","BOP","TOT","PC_GDP","A","2015",2.317421,
"HUN","BOP","TOT","PC_GDP","A","2016",4.531754,
"HUN","BOP","TOT","PC_GDP","A","2017",1.964334,
"HUN","BOP","TOT","PC_GDP","A","2018",0.3192265,
"ISL","BOP","TOT","PC_GDP","A","2000",-10.20521,
"ISL","BOP","TOT","PC_GDP","A","2001",-4.630033,
"ISL","BOP","TOT","PC_GDP","A","2002",1.11566,
"ISL","BOP","TOT","PC_GDP","A","2003",-4.894649,
"ISL","BOP","TOT","PC_GDP","A","2004",-9.667634,
"ISL","BOP","TOT","PC_GDP","A","2005",-15.64761,
"ISL","BOP","TOT","PC_GDP","A","2006",-22.95104,
"ISL","BOP","TOT","PC_GDP","A","2007",-13.88209,
"ISL","BOP","TOT","PC_GDP","A","2008",-22.64232,
"ISL","BOP","TOT","PC_GDP","A","2009",-9.657043,
"ISL","BOP","TOT","PC_GDP","A","2010",-6.348064,
"ISL","BOP","TOT","PC_GDP","A","2011",-5.149762,
"ISL","BOP","TOT","PC_GDP","A","2012",-3.936821,
"ISL","BOP","TOT","PC_GDP","A","2013",5.715757,
"ISL","BOP","TOT","PC_GDP","A","2014",3.814646,
"ISL","BOP","TOT","PC_GDP","A","2015",5.132435,
"ISL","BOP","TOT","PC_GDP","A","2016",7.496141,
"ISL","BOP","TOT","PC_GDP","A","2017",3.79993,
"ISL","BOP","TOT","PC_GDP","A","2018",3.162392,
"IRL","BOP","TOT","PC_GDP","A","2002",0.2472129,
"IRL","BOP","TOT","PC_GDP","A","2003",0.4926696,
"IRL","BOP","TOT","PC_GDP","A","2004",-0.09795797,
"IRL","BOP","TOT","PC_GDP","A","2005",-3.541425,
"IRL","BOP","TOT","PC_GDP","A","2006",-5.353349,
"IRL","BOP","TOT","PC_GDP","A","2007",-6.508563,
"IRL","BOP","TOT","PC_GDP","A","2008",-6.241889,
"IRL","BOP","TOT","PC_GDP","A","2009",-4.655926,
"IRL","BOP","TOT","PC_GDP","A","2010",-1.198637,
"IRL","BOP","TOT","PC_GDP","A","2011",-1.643045,
"IRL","BOP","TOT","PC_GDP","A","2012",-3.388274,
"IRL","BOP","TOT","PC_GDP","A","2013",1.551084,
"IRL","BOP","TOT","PC_GDP","A","2014",1.073543,
"IRL","BOP","TOT","PC_GDP","A","2015",4.396368,
"IRL","BOP","TOT","PC_GDP","A","2016",-4.199262,
"IRL","BOP","TOT","PC_GDP","A","2017",0.4853741,
"IRL","BOP","TOT","PC_GDP","A","2018",5.999032,
"ITA","BOP","TOT","PC_GDP","A","2000",-0.2677522,
"ITA","BOP","TOT","PC_GDP","A","2001",0.1535418,
"ITA","BOP","TOT","PC_GDP","A","2002",-0.4930807,
"ITA","BOP","TOT","PC_GDP","A","2003",-0.7919209,
"ITA","BOP","TOT","PC_GDP","A","2004",-0.479135,
"ITA","BOP","TOT","PC_GDP","A","2005",-0.8825938,
"ITA","BOP","TOT","PC_GDP","A","2006",-1.478629,
"ITA","BOP","TOT","PC_GDP","A","2007",-1.362288,
"ITA","BOP","TOT","PC_GDP","A","2008",-2.807131,
"ITA","BOP","TOT","PC_GDP","A","2009",-1.886122,
"ITA","BOP","TOT","PC_GDP","A","2010",-3.293903,
"ITA","BOP","TOT","PC_GDP","A","2011",-2.82394,
"ITA","BOP","TOT","PC_GDP","A","2012",-0.2285306,
"ITA","BOP","TOT","PC_GDP","A","2013",1.107624,
"ITA","BOP","TOT","PC_GDP","A","2014",1.897208,
"ITA","BOP","TOT","PC_GDP","A","2015",1.420863,
"ITA","BOP","TOT","PC_GDP","A","2016",2.592751,
"ITA","BOP","TOT","PC_GDP","A","2017",2.570985,
"ITA","BOP","TOT","PC_GDP","A","2018",2.496817,
"JPN","BOP","TOT","PC_GDP","A","2000",2.668777,
"JPN","BOP","TOT","PC_GDP","A","2001",2.022135,
"JPN","BOP","TOT","PC_GDP","A","2002",2.637369,
"JPN","BOP","TOT","PC_GDP","A","2003",3.121302,
"JPN","BOP","TOT","PC_GDP","A","2004",3.782804,
"JPN","BOP","TOT","PC_GDP","A","2005",3.579175,
"JPN","BOP","TOT","PC_GDP","A","2006",3.881735,
"JPN","BOP","TOT","PC_GDP","A","2007",4.710627,
"JPN","BOP","TOT","PC_GDP","A","2008",2.826893,
"JPN","BOP","TOT","PC_GDP","A","2009",2.785817,
"JPN","BOP","TOT","PC_GDP","A","2010",3.869881,
"JPN","BOP","TOT","PC_GDP","A","2011",2.083703,
"JPN","BOP","TOT","PC_GDP","A","2012",1.000106,
"JPN","BOP","TOT","PC_GDP","A","2013",0.8977312,
"JPN","BOP","TOT","PC_GDP","A","2014",0.7951358,
"JPN","BOP","TOT","PC_GDP","A","2015",3.11835,
"JPN","BOP","TOT","PC_GDP","A","2016",3.925792,
"JPN","BOP","TOT","PC_GDP","A","2017",4.227443,
"JPN","BOP","TOT","PC_GDP","A","2018",3.569769,
"KOR","BOP","TOT","PC_GDP","A","2000",1.757779,
"KOR","BOP","TOT","PC_GDP","A","2001",0.4077511,
"KOR","BOP","TOT","PC_GDP","A","2002",0.6672176,
"KOR","BOP","TOT","PC_GDP","A","2003",1.559185,
"KOR","BOP","TOT","PC_GDP","A","2004",3.710603,
"KOR","BOP","TOT","PC_GDP","A","2005",1.315186,
"KOR","BOP","TOT","PC_GDP","A","2006",0.178315,
"KOR","BOP","TOT","PC_GDP","A","2007",0.8933086,
"KOR","BOP","TOT","PC_GDP","A","2008",0.4281446,
"KOR","BOP","TOT","PC_GDP","A","2009",3.639569,
"KOR","BOP","TOT","PC_GDP","A","2010",2.460264,
"KOR","BOP","TOT","PC_GDP","A","2011",1.315674,
"KOR","BOP","TOT","PC_GDP","A","2012",3.772727,
"KOR","BOP","TOT","PC_GDP","A","2013",5.636957,
"KOR","BOP","TOT","PC_GDP","A","2014",5.591364,
"KOR","BOP","TOT","PC_GDP","A","2015",7.1697,
"KOR","BOP","TOT","PC_GDP","A","2016",6.5662,
"KOR","BOP","TOT","PC_GDP","A","2017",4.631525,
"KOR","BOP","TOT","PC_GDP","A","2018",4.489737,
"LUX","BOP","TOT","PC_GDP","A","2000",12.58185,
"LUX","BOP","TOT","PC_GDP","A","2001",8.294697,
"LUX","BOP","TOT","PC_GDP","A","2002",7.520964,
"LUX","BOP","TOT","PC_GDP","A","2003",7.021173,
"LUX","BOP","TOT","PC_GDP","A","2004",7.124981,
"LUX","BOP","TOT","PC_GDP","A","2005",6.995264,
"LUX","BOP","TOT","PC_GDP","A","2006",6.767298,
"LUX","BOP","TOT","PC_GDP","A","2007",6.588753,
"LUX","BOP","TOT","PC_GDP","A","2008",6.617735,
"LUX","BOP","TOT","PC_GDP","A","2009",5.971369,
"LUX","BOP","TOT","PC_GDP","A","2010",6.062507,
"LUX","BOP","TOT","PC_GDP","A","2011",5.795339,
"LUX","BOP","TOT","PC_GDP","A","2012",5.668744,
"LUX","BOP","TOT","PC_GDP","A","2013",4.74594,
"LUX","BOP","TOT","PC_GDP","A","2014",4.916131,
"LUX","BOP","TOT","PC_GDP","A","2015",5.114057,
"LUX","BOP","TOT","PC_GDP","A","2016",4.831515,
"LUX","BOP","TOT","PC_GDP","A","2017",4.916245,
"LUX","BOP","TOT","PC_GDP","A","2018",4.7381,
"MEX","BOP","TOT","PC_GDP","A","2006",-0.3642226,
"MEX","BOP","TOT","PC_GDP","A","2007",-0.9402522,
"MEX","BOP","TOT","PC_GDP","A","2008",-1.517533,
"MEX","BOP","TOT","PC_GDP","A","2009",-0.8612769,
"MEX","BOP","TOT","PC_GDP","A","2010",-0.4564586,
"MEX","BOP","TOT","PC_GDP","A","2011",-1.007954,
"MEX","BOP","TOT","PC_GDP","A","2012",-1.549359,
"MEX","BOP","TOT","PC_GDP","A","2013",-2.47255,
"MEX","BOP","TOT","PC_GDP","A","2014",-1.934997,
"MEX","BOP","TOT","PC_GDP","A","2015",-2.654614,
"MEX","BOP","TOT","PC_GDP","A","2016",-2.25353,
"MEX","BOP","TOT","PC_GDP","A","2017",-1.758114,
"MEX","BOP","TOT","PC_GDP","A","2018",-2.065909,
"NLD","BOP","TOT","PC_GDP","A","2004",7.597619,
"NLD","BOP","TOT","PC_GDP","A","2005",7.052444,
"NLD","BOP","TOT","PC_GDP","A","2006",9.082646,
"NLD","BOP","TOT","PC_GDP","A","2007",6.874635,
"NLD","BOP","TOT","PC_GDP","A","2008",4.973245,
"NLD","BOP","TOT","PC_GDP","A","2009",5.41925,
"NLD","BOP","TOT","PC_GDP","A","2010",6.966029,
"NLD","BOP","TOT","PC_GDP","A","2011",8.599237,
"NLD","BOP","TOT","PC_GDP","A","2012",10.21883,
"NLD","BOP","TOT","PC_GDP","A","2013",9.759746,
"NLD","BOP","TOT","PC_GDP","A","2014",8.490197,
"NLD","BOP","TOT","PC_GDP","A","2015",6.316083,
"NLD","BOP","TOT","PC_GDP","A","2016",8.048862,
"NLD","BOP","TOT","PC_GDP","A","2017",10.81695,
"NLD","BOP","TOT","PC_GDP","A","2018",10.83667,
"NZL","BOP","TOT","PC_GDP","A","2000",-3.241636,
"NZL","BOP","TOT","PC_GDP","A","2001",-0.8124287,
"NZL","BOP","TOT","PC_GDP","A","2002",-2.173669,
"NZL","BOP","TOT","PC_GDP","A","2003",-2.441607,
"NZL","BOP","TOT","PC_GDP","A","2004",-4.565929,
"NZL","BOP","TOT","PC_GDP","A","2005",-7.077097,
"NZL","BOP","TOT","PC_GDP","A","2006",-7.137998,
"NZL","BOP","TOT","PC_GDP","A","2007",-6.792584,
"NZL","BOP","TOT","PC_GDP","A","2008",-7.674666,
"NZL","BOP","TOT","PC_GDP","A","2009",-2.266193,
"NZL","BOP","TOT","PC_GDP","A","2010",-2.241905,
"NZL","BOP","TOT","PC_GDP","A","2011",-2.800744,
"NZL","BOP","TOT","PC_GDP","A","2012",-3.924528,
"NZL","BOP","TOT","PC_GDP","A","2013",-3.087191,
"NZL","BOP","TOT","PC_GDP","A","2014",-3.119972,
"NZL","BOP","TOT","PC_GDP","A","2015",-2.771599,
"NZL","BOP","TOT","PC_GDP","A","2016",-2.221036,
"NZL","BOP","TOT","PC_GDP","A","2017",-2.952218,
"NZL","BOP","TOT","PC_GDP","A","2018",-4.228776,
"NOR","BOP","TOT","PC_GDP","A","2000",14.75362,
"NOR","BOP","TOT","PC_GDP","A","2001",15.82339,
"NOR","BOP","TOT","PC_GDP","A","2002",12.32061,
"NOR","BOP","TOT","PC_GDP","A","2003",12.04784,
"NOR","BOP","TOT","PC_GDP","A","2004",12.37277,
"NOR","BOP","TOT","PC_GDP","A","2005",16.4581,
"NOR","BOP","TOT","PC_GDP","A","2006",16.32953,
"NOR","BOP","TOT","PC_GDP","A","2007",12.41823,
"NOR","BOP","TOT","PC_GDP","A","2008",15.82024,
"NOR","BOP","TOT","PC_GDP","A","2009",10.76043,
"NOR","BOP","TOT","PC_GDP","A","2010",11.02922,
"NOR","BOP","TOT","PC_GDP","A","2011",12.52029,
"NOR","BOP","TOT","PC_GDP","A","2012",12.4353,
"NOR","BOP","TOT","PC_GDP","A","2013",10.23071,
"NOR","BOP","TOT","PC_GDP","A","2014",11.0167,
"NOR","BOP","TOT","PC_GDP","A","2015",7.997864,
"NOR","BOP","TOT","PC_GDP","A","2016",4.02066,
"NOR","BOP","TOT","PC_GDP","A","2017",4.672174,
"NOR","BOP","TOT","PC_GDP","A","2018",7.098174,
"POL","BOP","TOT","PC_GDP","A","2004",-5.496686,
"POL","BOP","TOT","PC_GDP","A","2005",-2.597227,
"POL","BOP","TOT","PC_GDP","A","2006",-3.988461,
"POL","BOP","TOT","PC_GDP","A","2007",-6.334261,
"POL","BOP","TOT","PC_GDP","A","2008",-6.674218,
"POL","BOP","TOT","PC_GDP","A","2009",-3.959221,
"POL","BOP","TOT","PC_GDP","A","2010",-5.533181,
"POL","BOP","TOT","PC_GDP","A","2011",-5.397266,
"POL","BOP","TOT","PC_GDP","A","2012",-4.048216,
"POL","BOP","TOT","PC_GDP","A","2013",-1.798607,
"POL","BOP","TOT","PC_GDP","A","2014",-2.598502,
"POL","BOP","TOT","PC_GDP","A","2015",-0.9213865,
"POL","BOP","TOT","PC_GDP","A","2016",-0.7917565,
"POL","BOP","TOT","PC_GDP","A","2017",-0.3166332,
"POL","BOP","TOT","PC_GDP","A","2018",-1.31633,
"PRT","BOP","TOT","PC_GDP","A","2000",-10.8054,
"PRT","BOP","TOT","PC_GDP","A","2001",-10.4553,
"PRT","BOP","TOT","PC_GDP","A","2002",-8.385018,
"PRT","BOP","TOT","PC_GDP","A","2003",-6.623572,
"PRT","BOP","TOT","PC_GDP","A","2004",-7.946362,
"PRT","BOP","TOT","PC_GDP","A","2005",-9.584811,
"PRT","BOP","TOT","PC_GDP","A","2006",-10.27363,
"PRT","BOP","TOT","PC_GDP","A","2007",-9.607461,
"PRT","BOP","TOT","PC_GDP","A","2008",-11.83239,
"PRT","BOP","TOT","PC_GDP","A","2009",-10.29309,
"PRT","BOP","TOT","PC_GDP","A","2010",-10.25819,
"PRT","BOP","TOT","PC_GDP","A","2011",-5.956018,
"PRT","BOP","TOT","PC_GDP","A","2012",-1.599168,
"PRT","BOP","TOT","PC_GDP","A","2013",1.633107,
"PRT","BOP","TOT","PC_GDP","A","2014",0.1589924,
"PRT","BOP","TOT","PC_GDP","A","2015",0.2278665,
"PRT","BOP","TOT","PC_GDP","A","2016",1.169432,
"PRT","BOP","TOT","PC_GDP","A","2017",1.302172,
"PRT","BOP","TOT","PC_GDP","A","2018",0.394016,
"SVK","BOP","TOT","PC_GDP","A","2004",-7.640379,
"SVK","BOP","TOT","PC_GDP","A","2005",-8.233472,
"SVK","BOP","TOT","PC_GDP","A","2006",-7.703487,
"SVK","BOP","TOT","PC_GDP","A","2007",-5.200874,
"SVK","BOP","TOT","PC_GDP","A","2008",-6.220049,
"SVK","BOP","TOT","PC_GDP","A","2009",-3.491504,
"SVK","BOP","TOT","PC_GDP","A","2010",-4.661389,
"SVK","BOP","TOT","PC_GDP","A","2011",-4.920506,
"SVK","BOP","TOT","PC_GDP","A","2012",0.9229691,
"SVK","BOP","TOT","PC_GDP","A","2013",1.858337,
"SVK","BOP","TOT","PC_GDP","A","2014",1.142492,
"SVK","BOP","TOT","PC_GDP","A","2015",-2.095129,
"SVK","BOP","TOT","PC_GDP","A","2016",-2.738083,
"SVK","BOP","TOT","PC_GDP","A","2017",-1.92165,
"SVK","BOP","TOT","PC_GDP","A","2018",-2.188473,
"ESP","BOP","TOT","PC_GDP","A","2000",-4.307457,
"ESP","BOP","TOT","PC_GDP","A","2001",-4.378309,
"ESP","BOP","TOT","PC_GDP","A","2002",-3.728239,
"ESP","BOP","TOT","PC_GDP","A","2003",-3.879565,
"ESP","BOP","TOT","PC_GDP","A","2004",-5.472439,
"ESP","BOP","TOT","PC_GDP","A","2005",-7.250832,
"ESP","BOP","TOT","PC_GDP","A","2006",-8.843561,
"ESP","BOP","TOT","PC_GDP","A","2007",-9.42336,
"ESP","BOP","TOT","PC_GDP","A","2008",-8.899207,
"ESP","BOP","TOT","PC_GDP","A","2009",-4.086995,
"ESP","BOP","TOT","PC_GDP","A","2010",-3.656369,
"ESP","BOP","TOT","PC_GDP","A","2011",-2.723451,
"ESP","BOP","TOT","PC_GDP","A","2012",0.09916671,
"ESP","BOP","TOT","PC_GDP","A","2013",2.03819,
"ESP","BOP","TOT","PC_GDP","A","2014",1.695872,
"ESP","BOP","TOT","PC_GDP","A","2015",2.026952,
"ESP","BOP","TOT","PC_GDP","A","2016",3.173845,
"ESP","BOP","TOT","PC_GDP","A","2017",2.772911,
"ESP","BOP","TOT","PC_GDP","A","2018",1.93184,
"SWE","BOP","TOT","PC_GDP","A","2000",3.90943,
"SWE","BOP","TOT","PC_GDP","A","2001",4.67893,
"SWE","BOP","TOT","PC_GDP","A","2002",4.437344,
"SWE","BOP","TOT","PC_GDP","A","2003",5.8164,
"SWE","BOP","TOT","PC_GDP","A","2004",5.959863,
"SWE","BOP","TOT","PC_GDP","A","2005",6.007527,
"SWE","BOP","TOT","PC_GDP","A","2006",8.135272,
"SWE","BOP","TOT","PC_GDP","A","2007",8.100977,
"SWE","BOP","TOT","PC_GDP","A","2008",7.791896,
"SWE","BOP","TOT","PC_GDP","A","2009",5.936368,
"SWE","BOP","TOT","PC_GDP","A","2010",5.874745,
"SWE","BOP","TOT","PC_GDP","A","2011",5.467099,
"SWE","BOP","TOT","PC_GDP","A","2012",5.494075,
"SWE","BOP","TOT","PC_GDP","A","2013",5.158575,
"SWE","BOP","TOT","PC_GDP","A","2014",4.476646,
"SWE","BOP","TOT","PC_GDP","A","2015",4.10144,
"SWE","BOP","TOT","PC_GDP","A","2016",3.541295,
"SWE","BOP","TOT","PC_GDP","A","2017",3.066406,
"SWE","BOP","TOT","PC_GDP","A","2018",2.516191,
"CHE","BOP","TOT","PC_GDP","A","2000",11.03135,
"CHE","BOP","TOT","PC_GDP","A","2001",7.256228,
"CHE","BOP","TOT","PC_GDP","A","2002",7.511923,
"CHE","BOP","TOT","PC_GDP","A","2003",11.62189,
"CHE","BOP","TOT","PC_GDP","A","2004",13.65077,
"CHE","BOP","TOT","PC_GDP","A","2005",12.54413,
"CHE","BOP","TOT","PC_GDP","A","2006",13.60669,
"CHE","BOP","TOT","PC_GDP","A","2007",9.58866,
"CHE","BOP","TOT","PC_GDP","A","2008",2.425591,
"CHE","BOP","TOT","PC_GDP","A","2009",7.10343,
"CHE","BOP","TOT","PC_GDP","A","2010",14.59342,
"CHE","BOP","TOT","PC_GDP","A","2011",7.926917,
"CHE","BOP","TOT","PC_GDP","A","2012",10.85198,
"CHE","BOP","TOT","PC_GDP","A","2013",11.39587,
"CHE","BOP","TOT","PC_GDP","A","2014",8.108815,
"CHE","BOP","TOT","PC_GDP","A","2015",11.17307,
"CHE","BOP","TOT","PC_GDP","A","2016",9.915848,
"CHE","BOP","TOT","PC_GDP","A","2017",6.766379,
"CHE","BOP","TOT","PC_GDP","A","2018",8.602489,
"TUR","BOP","TOT","PC_GDP","A","2000",-3.610273,
"TUR","BOP","TOT","PC_GDP","A","2001",1.921009,
"TUR","BOP","TOT","PC_GDP","A","2002",-0.2517146,
"TUR","BOP","TOT","PC_GDP","A","2003",-2.416593,
"TUR","BOP","TOT","PC_GDP","A","2004",-3.464675,
"TUR","BOP","TOT","PC_GDP","A","2005",-4.119826,
"TUR","BOP","TOT","PC_GDP","A","2006",-5.596525,
"TUR","BOP","TOT","PC_GDP","A","2007",-5.317321,
"TUR","BOP","TOT","PC_GDP","A","2008",-4.957061,
"TUR","BOP","TOT","PC_GDP","A","2009",-1.609523,
"TUR","BOP","TOT","PC_GDP","A","2010",-5.603632,
"TUR","BOP","TOT","PC_GDP","A","2011",-8.804121,
"TUR","BOP","TOT","PC_GDP","A","2012",-5.466794,
"TUR","BOP","TOT","PC_GDP","A","2013",-6.637735,
"TUR","BOP","TOT","PC_GDP","A","2014",-4.644935,
"TUR","BOP","TOT","PC_GDP","A","2015",-3.711574,
"TUR","BOP","TOT","PC_GDP","A","2016",-3.085426,
"TUR","BOP","TOT","PC_GDP","A","2017",-4.652222,
"TUR","BOP","TOT","PC_GDP","A","2018",-2.270631,
"GBR","BOP","TOT","PC_GDP","A","2000",-2.313532,
"GBR","BOP","TOT","PC_GDP","A","2001",-2.141737,
"GBR","BOP","TOT","PC_GDP","A","2002",-2.164404,
"GBR","BOP","TOT","PC_GDP","A","2003",-1.79989,
"GBR","BOP","TOT","PC_GDP","A","2004",-2.340035,
"GBR","BOP","TOT","PC_GDP","A","2005",-1.982286,
"GBR","BOP","TOT","PC_GDP","A","2006",-2.860302,
"GBR","BOP","TOT","PC_GDP","A","2007",-3.386166,
"GBR","BOP","TOT","PC_GDP","A","2008",-3.962979,
"GBR","BOP","TOT","PC_GDP","A","2009",-3.332487,
"GBR","BOP","TOT","PC_GDP","A","2010",-3.109412,
"GBR","BOP","TOT","PC_GDP","A","2011",-1.81093,
"GBR","BOP","TOT","PC_GDP","A","2012",-3.497432,
"GBR","BOP","TOT","PC_GDP","A","2013",-4.891717,
"GBR","BOP","TOT","PC_GDP","A","2014",-4.878562,
"GBR","BOP","TOT","PC_GDP","A","2015",-5.023595,
"GBR","BOP","TOT","PC_GDP","A","2016",-5.433867,
"GBR","BOP","TOT","PC_GDP","A","2017",-3.768591,
"GBR","BOP","TOT","PC_GDP","A","2018",-3.681637,
"USA","BOP","TOT","PC_GDP","A","2000",-3.920244,
"USA","BOP","TOT","PC_GDP","A","2001",-3.724169,
"USA","BOP","TOT","PC_GDP","A","2002",-4.170525,
"USA","BOP","TOT","PC_GDP","A","2003",-4.558228,
"USA","BOP","TOT","PC_GDP","A","2004",-5.206362,
"USA","BOP","TOT","PC_GDP","A","2005",-5.747127,
"USA","BOP","TOT","PC_GDP","A","2006",-5.911474,
"USA","BOP","TOT","PC_GDP","A","2007",-5.096569,
"USA","BOP","TOT","PC_GDP","A","2008",-4.734115,
"USA","BOP","TOT","PC_GDP","A","2009",-2.628077,
"USA","BOP","TOT","PC_GDP","A","2010",-2.881593,
"USA","BOP","TOT","PC_GDP","A","2011",-2.929385,
"USA","BOP","TOT","PC_GDP","A","2012",-2.581434,
"USA","BOP","TOT","PC_GDP","A","2013",-2.006893,
"USA","BOP","TOT","PC_GDP","A","2014",-2.098554,
"USA","BOP","TOT","PC_GDP","A","2015",-2.233514,
"USA","BOP","TOT","PC_GDP","A","2016",-2.1065,
"USA","BOP","TOT","PC_GDP","A","2017",-1.869055,
"USA","BOP","TOT","PC_GDP","A","2018",-2.181724,
"BRA","BOP","TOT","PC_GDP","A","2000",-3.787559,
"BRA","BOP","TOT","PC_GDP","A","2001",-4.182517,
"BRA","BOP","TOT","PC_GDP","A","2002",-1.330703,
"BRA","BOP","TOT","PC_GDP","A","2003",0.6332977,
"BRA","BOP","TOT","PC_GDP","A","2004",1.687664,
"BRA","BOP","TOT","PC_GDP","A","2005",1.536334,
"BRA","BOP","TOT","PC_GDP","A","2006",1.185734,
"BRA","BOP","TOT","PC_GDP","A","2007",0.075715,
"BRA","BOP","TOT","PC_GDP","A","2008",-1.744813,
"BRA","BOP","TOT","PC_GDP","A","2009",-1.490763,
"BRA","BOP","TOT","PC_GDP","A","2010",-3.606752,
"BRA","BOP","TOT","PC_GDP","A","2011",-2.914808,
"BRA","BOP","TOT","PC_GDP","A","2012",-3.400266,
"BRA","BOP","TOT","PC_GDP","A","2013",-3.220812,
"BRA","BOP","TOT","PC_GDP","A","2014",-4.13395,
"BRA","BOP","TOT","PC_GDP","A","2015",-2.879083,
"BRA","BOP","TOT","PC_GDP","A","2016",-1.339398,
"BRA","BOP","TOT","PC_GDP","A","2017",-0.7275842,
"BRA","BOP","TOT","PC_GDP","A","2018",-2.23149,
"CHL","BOP","TOT","PC_GDP","A","2003",-0.2936949,
"CHL","BOP","TOT","PC_GDP","A","2004",2.843872,
"CHL","BOP","TOT","PC_GDP","A","2005",1.483695,
"CHL","BOP","TOT","PC_GDP","A","2006",4.525066,
"CHL","BOP","TOT","PC_GDP","A","2007",4.273845,
"CHL","BOP","TOT","PC_GDP","A","2008",-3.736609,
"CHL","BOP","TOT","PC_GDP","A","2009",1.861486,
"CHL","BOP","TOT","PC_GDP","A","2010",1.403502,
"CHL","BOP","TOT","PC_GDP","A","2011",-2.707608,
"CHL","BOP","TOT","PC_GDP","A","2012",-4.427297,
"CHL","BOP","TOT","PC_GDP","A","2013",-4.763783,
"CHL","BOP","TOT","PC_GDP","A","2014",-2.006604,
"CHL","BOP","TOT","PC_GDP","A","2015",-2.352008,
"CHL","BOP","TOT","PC_GDP","A","2016",-1.98492,
"CHL","BOP","TOT","PC_GDP","A","2017",-2.325612,
"CHL","BOP","TOT","PC_GDP","A","2018",-3.55758,
"CHN","BOP","TOT","PC_GDP","A","2000",1.686708,
"CHN","BOP","TOT","PC_GDP","A","2001",1.299482,
"CHN","BOP","TOT","PC_GDP","A","2002",2.408745,
"CHN","BOP","TOT","PC_GDP","A","2003",2.593029,
"CHN","BOP","TOT","PC_GDP","A","2004",3.525766,
"CHN","BOP","TOT","PC_GDP","A","2005",5.79093,
"CHN","BOP","TOT","PC_GDP","A","2006",8.424166,
"CHN","BOP","TOT","PC_GDP","A","2007",9.947891,
"CHN","BOP","TOT","PC_GDP","A","2008",9.154067,
"CHN","BOP","TOT","PC_GDP","A","2009",4.768156,
"CHN","BOP","TOT","PC_GDP","A","2010",3.906734,
"CHN","BOP","TOT","PC_GDP","A","2011",1.802238,
"CHN","BOP","TOT","PC_GDP","A","2012",2.524462,
"CHN","BOP","TOT","PC_GDP","A","2013",1.548554,
"CHN","BOP","TOT","PC_GDP","A","2014",2.253294,
"CHN","BOP","TOT","PC_GDP","A","2015",2.74974,
"CHN","BOP","TOT","PC_GDP","A","2016",1.804521,
"CHN","BOP","TOT","PC_GDP","A","2017",1.594379,
"CHN","BOP","TOT","PC_GDP","A","2018",0.1841666,
"EST","BOP","TOT","PC_GDP","A","2000",-5.307025,
"EST","BOP","TOT","PC_GDP","A","2001",-7.05083,
"EST","BOP","TOT","PC_GDP","A","2002",-11.06809,
"EST","BOP","TOT","PC_GDP","A","2003",-12.84984,
"EST","BOP","TOT","PC_GDP","A","2004",-11.99326,
"EST","BOP","TOT","PC_GDP","A","2005",-8.622299,
"EST","BOP","TOT","PC_GDP","A","2006",-14.88961,
"EST","BOP","TOT","PC_GDP","A","2007",-14.94823,
"EST","BOP","TOT","PC_GDP","A","2008",-8.605341,
"EST","BOP","TOT","PC_GDP","A","2009",2.543191,
"EST","BOP","TOT","PC_GDP","A","2010",1.776981,
"EST","BOP","TOT","PC_GDP","A","2011",1.270845,
"EST","BOP","TOT","PC_GDP","A","2012",-1.857246,
"EST","BOP","TOT","PC_GDP","A","2013",0.2973511,
"EST","BOP","TOT","PC_GDP","A","2014",0.6938149,
"EST","BOP","TOT","PC_GDP","A","2015",1.761255,
"EST","BOP","TOT","PC_GDP","A","2016",1.220388,
"EST","BOP","TOT","PC_GDP","A","2017",2.309698,
"EST","BOP","TOT","PC_GDP","A","2018",0.9358498,
"IND","BOP","TOT","PC_GDP","A","2000",-0.9656128,"E"
"IND","BOP","TOT","PC_GDP","A","2001",0.2925295,"E"
"IND","BOP","TOT","PC_GDP","A","2002",1.410462,"E"
"IND","BOP","TOT","PC_GDP","A","2003",1.500007,"E"
"IND","BOP","TOT","PC_GDP","A","2004",0.1032237,"E"
"IND","BOP","TOT","PC_GDP","A","2005",-1.307819,"E"
"IND","BOP","TOT","PC_GDP","A","2006",-1.064678,"E"
"IND","BOP","TOT","PC_GDP","A","2007",-0.6604533,"E"
"IND","BOP","TOT","PC_GDP","A","2008",-2.555411,"E"
"IND","BOP","TOT","PC_GDP","A","2009",-2.083256,"E"
"IND","BOP","TOT","PC_GDP","A","2010",-3.423922,"E"
"IND","BOP","TOT","PC_GDP","A","2011",-3.436501,"E"
"IND","BOP","TOT","PC_GDP","A","2012",-5.074923,
"IND","BOP","TOT","PC_GDP","A","2013",-2.544814,
"IND","BOP","TOT","PC_GDP","A","2014",-1.359909,
"IND","BOP","TOT","PC_GDP","A","2015",-1.086422,
"IND","BOP","TOT","PC_GDP","A","2016",-0.5446088,
"IND","BOP","TOT","PC_GDP","A","2017",-1.484966,
"IND","BOP","TOT","PC_GDP","A","2018",-2.42371,
"IDN","BOP","TOT","PC_GDP","A","2004",0.552448,"E"
"IDN","BOP","TOT","PC_GDP","A","2005",0.04227285,"E"
"IDN","BOP","TOT","PC_GDP","A","2006",2.723116,"E"
"IDN","BOP","TOT","PC_GDP","A","2007",2.215456,"E"
"IDN","BOP","TOT","PC_GDP","A","2008",0.01743413,
"IDN","BOP","TOT","PC_GDP","A","2009",1.831302,
"IDN","BOP","TOT","PC_GDP","A","2010",0.6863806,
"IDN","BOP","TOT","PC_GDP","A","2011",0.1983947,
"IDN","BOP","TOT","PC_GDP","A","2012",-2.660255,
"IDN","BOP","TOT","PC_GDP","A","2013",-3.165702,
"IDN","BOP","TOT","PC_GDP","A","2014",-3.083736,
"IDN","BOP","TOT","PC_GDP","A","2015",-2.032604,
"IDN","BOP","TOT","PC_GDP","A","2016",-1.833762,
"IDN","BOP","TOT","PC_GDP","A","2017",-1.591479,
"IDN","BOP","TOT","PC_GDP","A","2018",-2.944964,
"ISR","BOP","TOT","PC_GDP","A","2000",-1.494813,
"ISR","BOP","TOT","PC_GDP","A","2001",-1.450931,
"ISR","BOP","TOT","PC_GDP","A","2002",-0.9090672,
"ISR","BOP","TOT","PC_GDP","A","2003",0.6055025,
"ISR","BOP","TOT","PC_GDP","A","2004",1.490254,
"ISR","BOP","TOT","PC_GDP","A","2005",3.047132,
"ISR","BOP","TOT","PC_GDP","A","2006",4.053585,
"ISR","BOP","TOT","PC_GDP","A","2007",3.198255,
"ISR","BOP","TOT","PC_GDP","A","2008",1.048549,
"ISR","BOP","TOT","PC_GDP","A","2009",3.229072,
"ISR","BOP","TOT","PC_GDP","A","2010",3.604574,
"ISR","BOP","TOT","PC_GDP","A","2011",1.56886,
"ISR","BOP","TOT","PC_GDP","A","2012",0.4179883,
"ISR","BOP","TOT","PC_GDP","A","2013",3.031453,
"ISR","BOP","TOT","PC_GDP","A","2014",4.269816,
"ISR","BOP","TOT","PC_GDP","A","2015",5.2739,
"ISR","BOP","TOT","PC_GDP","A","2016",3.484521,
"ISR","BOP","TOT","PC_GDP","A","2017",2.871769,
"ISR","BOP","TOT","PC_GDP","A","2018",2.68718,
"RUS","BOP","TOT","PC_GDP","A","2003",7.199783,"E"
"RUS","BOP","TOT","PC_GDP","A","2004",9.133624,"E"
"RUS","BOP","TOT","PC_GDP","A","2005",10.34739,"E"
"RUS","BOP","TOT","PC_GDP","A","2006",8.912313,"E"
"RUS","BOP","TOT","PC_GDP","A","2007",5.273511,"E"
"RUS","BOP","TOT","PC_GDP","A","2008",5.867508,"E"
"RUS","BOP","TOT","PC_GDP","A","2009",3.767994,"E"
"RUS","BOP","TOT","PC_GDP","A","2010",4.261137,"E"
"RUS","BOP","TOT","PC_GDP","A","2011",4.713423,
"RUS","BOP","TOT","PC_GDP","A","2012",3.220664,
"RUS","BOP","TOT","PC_GDP","A","2013",1.437926,
"RUS","BOP","TOT","PC_GDP","A","2014",2.701168,
"RUS","BOP","TOT","PC_GDP","A","2015",4.936236,
"RUS","BOP","TOT","PC_GDP","A","2016",1.90749,
"RUS","BOP","TOT","PC_GDP","A","2017",2.014201,
"RUS","BOP","TOT","PC_GDP","A","2018",6.793705,
"SVN","BOP","TOT","PC_GDP","A","2000",-3.252514,
"SVN","BOP","TOT","PC_GDP","A","2001",0.03124119,
"SVN","BOP","TOT","PC_GDP","A","2002",0.9139056,
"SVN","BOP","TOT","PC_GDP","A","2003",-0.8399768,
"SVN","BOP","TOT","PC_GDP","A","2004",-2.730084,
"SVN","BOP","TOT","PC_GDP","A","2005",-1.80165,
"SVN","BOP","TOT","PC_GDP","A","2006",-1.808722,
"SVN","BOP","TOT","PC_GDP","A","2007",-4.083874,
"SVN","BOP","TOT","PC_GDP","A","2008",-5.313603,
"SVN","BOP","TOT","PC_GDP","A","2009",-1.077231,
"SVN","BOP","TOT","PC_GDP","A","2010",-0.7731524,
"SVN","BOP","TOT","PC_GDP","A","2011",-0.8369264,
"SVN","BOP","TOT","PC_GDP","A","2012",1.310798,
"SVN","BOP","TOT","PC_GDP","A","2013",3.292676,
"SVN","BOP","TOT","PC_GDP","A","2014",5.091124,
"SVN","BOP","TOT","PC_GDP","A","2015",3.829047,
"SVN","BOP","TOT","PC_GDP","A","2016",4.786562,
"SVN","BOP","TOT","PC_GDP","A","2017",6.187642,
"SVN","BOP","TOT","PC_GDP","A","2018",5.830033,
"ZAF","BOP","TOT","PC_GDP","A","2000",-0.1259577,
"ZAF","BOP","TOT","PC_GDP","A","2001",0.2742378,
"ZAF","BOP","TOT","PC_GDP","A","2002",0.9016693,
"ZAF","BOP","TOT","PC_GDP","A","2003",-0.8258399,
"ZAF","BOP","TOT","PC_GDP","A","2004",-2.765899,
"ZAF","BOP","TOT","PC_GDP","A","2005",-3.129266,
"ZAF","BOP","TOT","PC_GDP","A","2006",-4.477155,
"ZAF","BOP","TOT","PC_GDP","A","2007",-5.383258,
"ZAF","BOP","TOT","PC_GDP","A","2008",-5.536724,
"ZAF","BOP","TOT","PC_GDP","A","2009",-2.728268,
"ZAF","BOP","TOT","PC_GDP","A","2010",-1.500865,
"ZAF","BOP","TOT","PC_GDP","A","2011",-2.218784,
"ZAF","BOP","TOT","PC_GDP","A","2012",-5.144409,
"ZAF","BOP","TOT","PC_GDP","A","2013",-5.785927,
"ZAF","BOP","TOT","PC_GDP","A","2014",-5.082751,
"ZAF","BOP","TOT","PC_GDP","A","2015",-4.625925,
"ZAF","BOP","TOT","PC_GDP","A","2016",-2.876698,
"ZAF","BOP","TOT","PC_GDP","A","2017",-2.537628,
"ZAF","BOP","TOT","PC_GDP","A","2018",-3.566631,
"EA19","BOP","TOT","PC_GDP","A","2000",-1.484321,
"EA19","BOP","TOT","PC_GDP","A","2001",-0.3890902,
"EA19","BOP","TOT","PC_GDP","A","2002",0.6154689,
"EA19","BOP","TOT","PC_GDP","A","2003",0.2443511,
"EA19","BOP","TOT","PC_GDP","A","2004",0.6713344,
"EA19","BOP","TOT","PC_GDP","A","2005",0.06394701,
"EA19","BOP","TOT","PC_GDP","A","2006",-0.1625886,
"EA19","BOP","TOT","PC_GDP","A","2007",0.04381905,
"EA19","BOP","TOT","PC_GDP","A","2008",-1.869164,
"EA19","BOP","TOT","PC_GDP","A","2009",-0.3276682,
"EA19","BOP","TOT","PC_GDP","A","2010",-0.359985,
"EA19","BOP","TOT","PC_GDP","A","2011",-0.3740519,
"EA19","BOP","TOT","PC_GDP","A","2012",1.011763,
"EA19","BOP","TOT","PC_GDP","A","2013",2.097899,
"EA19","BOP","TOT","PC_GDP","A","2014",2.375983,
"EA19","BOP","TOT","PC_GDP","A","2015",2.762976,
"EA19","BOP","TOT","PC_GDP","A","2016",3.036403,
"EA19","BOP","TOT","PC_GDP","A","2017",3.096829,
"EA19","BOP","TOT","PC_GDP","A","2018",2.905197,
"COL","BOP","TOT","PC_GDP","A","2005",-1.29329,
"COL","BOP","TOT","PC_GDP","A","2006",-1.788366,
"COL","BOP","TOT","PC_GDP","A","2007",-2.951189,
"COL","BOP","TOT","PC_GDP","A","2008",-2.716632,
"COL","BOP","TOT","PC_GDP","A","2009",-1.96284,
"COL","BOP","TOT","PC_GDP","A","2010",-2.998622,
"COL","BOP","TOT","PC_GDP","A","2011",-2.914944,
"COL","BOP","TOT","PC_GDP","A","2012",-3.058329,
"COL","BOP","TOT","PC_GDP","A","2013",-3.271964,
"COL","BOP","TOT","PC_GDP","A","2014",-5.206554,
"COL","BOP","TOT","PC_GDP","A","2015",-6.266388,
"COL","BOP","TOT","PC_GDP","A","2016",-4.279343,
"COL","BOP","TOT","PC_GDP","A","2017",-3.291134,
"COL","BOP","TOT","PC_GDP","A","2018",-3.93491,
"LVA","BOP","TOT","PC_GDP","A","2000",-4.139819,
"LVA","BOP","TOT","PC_GDP","A","2001",-6.821998,
"LVA","BOP","TOT","PC_GDP","A","2002",-6.133922,
"LVA","BOP","TOT","PC_GDP","A","2003",-7.641191,
"LVA","BOP","TOT","PC_GDP","A","2004",-12.21238,
"LVA","BOP","TOT","PC_GDP","A","2005",-11.73422,
"LVA","BOP","TOT","PC_GDP","A","2006",-20.57931,
"LVA","BOP","TOT","PC_GDP","A","2007",-20.84025,
"LVA","BOP","TOT","PC_GDP","A","2008",-12.33809,
"LVA","BOP","TOT","PC_GDP","A","2009",8.186913,
"LVA","BOP","TOT","PC_GDP","A","2010",2.746531,
"LVA","BOP","TOT","PC_GDP","A","2011",-2.645565,
"LVA","BOP","TOT","PC_GDP","A","2012",-3.26151,
"LVA","BOP","TOT","PC_GDP","A","2013",-2.874754,
"LVA","BOP","TOT","PC_GDP","A","2014",-1.604986,
"LVA","BOP","TOT","PC_GDP","A","2015",-0.5415116,
"LVA","BOP","TOT","PC_GDP","A","2016",1.699508,
"LVA","BOP","TOT","PC_GDP","A","2017",1.157173,
"LVA","BOP","TOT","PC_GDP","A","2018",-0.1715705,
"OECD","BOP","TOT","PC_GDP","A","2005",-1.347276,"E"
"OECD","BOP","TOT","PC_GDP","A","2006",-1.488971,
"OECD","BOP","TOT","PC_GDP","A","2007",-1.331374,
"OECD","BOP","TOT","PC_GDP","A","2008",-1.699724,
"OECD","BOP","TOT","PC_GDP","A","2009",-0.4901173,
"OECD","BOP","TOT","PC_GDP","A","2010",-0.4012499,"B"
"OECD","BOP","TOT","PC_GDP","A","2011",-0.5969499,
"OECD","BOP","TOT","PC_GDP","A","2012",-0.3526924,
"OECD","BOP","TOT","PC_GDP","A","2013",-0.006238939,
"OECD","BOP","TOT","PC_GDP","A","2014",0.00643036,
"OECD","BOP","TOT","PC_GDP","A","2015",0.1213078,
"OECD","BOP","TOT","PC_GDP","A","2016",0.3431331,
"OECD","BOP","TOT","PC_GDP","A","2017",0.4586367,
"OECD","BOP","TOT","PC_GDP","A","2018",0.3020145,
"G-7","BOP","TOT","PC_GDP","A","2000",-1.424223,
"G-7","BOP","TOT","PC_GDP","A","2001",-1.421461,
"G-7","BOP","TOT","PC_GDP","A","2002",-1.438835,
"G-7","BOP","TOT","PC_GDP","A","2003",-1.495154,
"G-7","BOP","TOT","PC_GDP","A","2004",-1.310349,
"G-7","BOP","TOT","PC_GDP","A","2005",-1.716544,
"G-7","BOP","TOT","PC_GDP","A","2006",-1.854109,
"G-7","BOP","TOT","PC_GDP","A","2007",-1.303486,
"G-7","BOP","TOT","PC_GDP","A","2008",-1.627247,
"G-7","BOP","TOT","PC_GDP","A","2009",-0.6667426,
"G-7","BOP","TOT","PC_GDP","A","2010",-0.7193198,
"G-7","BOP","TOT","PC_GDP","A","2011",-0.8007181,
"G-7","BOP","TOT","PC_GDP","A","2012",-0.8362832,
"G-7","BOP","TOT","PC_GDP","A","2013",-0.6541671,
"G-7","BOP","TOT","PC_GDP","A","2014",-0.6328496,
"G-7","BOP","TOT","PC_GDP","A","2015",-0.4789832,
"G-7","BOP","TOT","PC_GDP","A","2016",-0.1776512,
"G-7","BOP","TOT","PC_GDP","A","2017",0.02779562,
"G-7","BOP","TOT","PC_GDP","A","2018",-0.2359865,
"ARG","BOP","TOT","PC_GDP","A","2006",2.77263,
"ARG","BOP","TOT","PC_GDP","A","2007",2.087465,
"ARG","BOP","TOT","PC_GDP","A","2008",1.482645,
"ARG","BOP","TOT","PC_GDP","A","2009",2.156656,
"ARG","BOP","TOT","PC_GDP","A","2010",-0.3805495,
"ARG","BOP","TOT","PC_GDP","A","2011",-1.007281,
"ARG","BOP","TOT","PC_GDP","A","2012",-0.3677205,
"ARG","BOP","TOT","PC_GDP","A","2013",-2.139904,
"ARG","BOP","TOT","PC_GDP","A","2014",-1.618733,
"ARG","BOP","TOT","PC_GDP","A","2015",-2.732501,
"ARG","BOP","TOT","PC_GDP","A","2016",-2.709222,
"ARG","BOP","TOT","PC_GDP","A","2017",-4.839959,
"ARG","BOP","TOT","PC_GDP","A","2018",-5.225619,
"CRI","BOP","TOT","PC_GDP","A","2000",-4.578226,
"CRI","BOP","TOT","PC_GDP","A","2001",-3.206307,
"CRI","BOP","TOT","PC_GDP","A","2002",-5.143197,
"CRI","BOP","TOT","PC_GDP","A","2003",-5.141803,
"CRI","BOP","TOT","PC_GDP","A","2004",-3.620267,
"CRI","BOP","TOT","PC_GDP","A","2005",-4.221298,
"CRI","BOP","TOT","PC_GDP","A","2006",-4.107709,
"CRI","BOP","TOT","PC_GDP","A","2007",-5.493707,
"CRI","BOP","TOT","PC_GDP","A","2008",-8.367836,
"CRI","BOP","TOT","PC_GDP","A","2009",-1.731901,
"CRI","BOP","TOT","PC_GDP","A","2010",-3.270525,
"CRI","BOP","TOT","PC_GDP","A","2011",-5.429919,
"CRI","BOP","TOT","PC_GDP","A","2012",-5.247613,
"CRI","BOP","TOT","PC_GDP","A","2013",-4.93886,
"CRI","BOP","TOT","PC_GDP","A","2014",-4.997788,
"CRI","BOP","TOT","PC_GDP","A","2015",-3.777257,
"CRI","BOP","TOT","PC_GDP","A","2016",-2.34046,
"CRI","BOP","TOT","PC_GDP","A","2017",-3.311471,
"CRI","BOP","TOT","PC_GDP","A","2018",-3.3237,
"LTU","BOP","TOT","PC_GDP","A","2004",-7.670282,
"LTU","BOP","TOT","PC_GDP","A","2005",-7.302219,
"LTU","BOP","TOT","PC_GDP","A","2006",-10.57319,
"LTU","BOP","TOT","PC_GDP","A","2007",-15.11553,
"LTU","BOP","TOT","PC_GDP","A","2008",-13.04489,
"LTU","BOP","TOT","PC_GDP","A","2009",2.089526,
"LTU","BOP","TOT","PC_GDP","A","2010",0.2587231,"B"
"LTU","BOP","TOT","PC_GDP","A","2011",-3.263194,
"LTU","BOP","TOT","PC_GDP","A","2012",-1.258988,
"LTU","BOP","TOT","PC_GDP","A","2013",2.12283,
"LTU","BOP","TOT","PC_GDP","A","2014",3.038409,
"LTU","BOP","TOT","PC_GDP","A","2015",-2.537481,
"LTU","BOP","TOT","PC_GDP","A","2016",-1.289642,
"LTU","BOP","TOT","PC_GDP","A","2017",0.6262375,
"LTU","BOP","TOT","PC_GDP","A","2018",0.1890921,
"SAU","BOP","TOT","PC_GDP","A","2010",12.63727,
"SAU","BOP","TOT","PC_GDP","A","2011",23.61979,
"SAU","BOP","TOT","PC_GDP","A","2012",22.38713,
"SAU","BOP","TOT","PC_GDP","A","2013",18.14008,
"SAU","BOP","TOT","PC_GDP","A","2014",9.751858,
"SAU","BOP","TOT","PC_GDP","A","2015",-8.669784,
"SAU","BOP","TOT","PC_GDP","A","2016",-3.69692,
"SAU","BOP","TOT","PC_GDP","A","2017",1.519678,
"SAU","BOP","TOT","PC_GDP","A","2018",9.15064,
"EU28","BOP","TOT","PC_GDP","A","2000",-1.422294,
"EU28","BOP","TOT","PC_GDP","A","2001",-1.203761,
"EU28","BOP","TOT","PC_GDP","A","2002",-0.6195344,
"EU28","BOP","TOT","PC_GDP","A","2003",-0.5373952,
"EU28","BOP","TOT","PC_GDP","A","2004",-0.4010043,
"EU28","BOP","TOT","PC_GDP","A","2005",-0.7265825,
"EU28","BOP","TOT","PC_GDP","A","2006",-1.260478,
"EU28","BOP","TOT","PC_GDP","A","2007",-1.382123,
"EU28","BOP","TOT","PC_GDP","A","2008",-2.226463,
"EU28","BOP","TOT","PC_GDP","A","2009",-0.6031166,
"EU28","BOP","TOT","PC_GDP","A","2010",-0.4012592,
"EU28","BOP","TOT","PC_GDP","A","2011",-0.169135,
"EU28","BOP","TOT","PC_GDP","A","2012",0.5794442,
"EU28","BOP","TOT","PC_GDP","A","2013",1.001305,
"EU28","BOP","TOT","PC_GDP","A","2014",0.8767195,
"EU28","BOP","TOT","PC_GDP","A","2015",0.9503865,
"EU28","BOP","TOT","PC_GDP","A","2016",1.316605,
"EU28","BOP","TOT","PC_GDP","A","2017",1.264434,
"EU28","BOP","TOT","PC_GDP","A","2018",1.376133,
"G-20","BOP","TOT","PC_GDP","A","2010",-0.1504746,"E"
"G-20","BOP","TOT","PC_GDP","A","2011",-0.3240983,"E"
"G-20","BOP","TOT","PC_GDP","A","2012",-0.1916872,
"G-20","BOP","TOT","PC_GDP","A","2013",-0.07467993,
"G-20","BOP","TOT","PC_GDP","A","2014",0.0260314,
"G-20","BOP","TOT","PC_GDP","A","2015",0.1446588,
"G-20","BOP","TOT","PC_GDP","A","2016",0.272107,
"G-20","BOP","TOT","PC_GDP","A","2017",0.3645276,
"G-20","BOP","TOT","PC_GDP","A","2018",0.08667123,
"EU27_2020","BOP","TOT","PC_GDP","A","2000",-0.5161633,
"EU27_2020","BOP","TOT","PC_GDP","A","2001",-0.3662437,
"EU27_2020","BOP","TOT","PC_GDP","A","2002",0.1310281,
"EU27_2020","BOP","TOT","PC_GDP","A","2003",0.08512599,
"EU27_2020","BOP","TOT","PC_GDP","A","2004",0.5236057,
"EU27_2020","BOP","TOT","PC_GDP","A","2005",-0.03994835,
"EU27_2020","BOP","TOT","PC_GDP","A","2006",-0.26847,
"EU27_2020","BOP","TOT","PC_GDP","A","2007",-0.2251268,
"EU27_2020","BOP","TOT","PC_GDP","A","2008",-1.421279,
"EU27_2020","BOP","TOT","PC_GDP","A","2009",0.3368962,
"EU27_2020","BOP","TOT","PC_GDP","A","2010",0.6022715,
"EU27_2020","BOP","TOT","PC_GDP","A","2011",0.611639,
"EU27_2020","BOP","TOT","PC_GDP","A","2012",1.69908,
"EU27_2020","BOP","TOT","PC_GDP","A","2013",2.476548,
"EU27_2020","BOP","TOT","PC_GDP","A","2014",2.484531,
"EU27_2020","BOP","TOT","PC_GDP","A","2015",2.8969,
"EU27_2020","BOP","TOT","PC_GDP","A","2016",3.183243,
"EU27_2020","BOP","TOT","PC_GDP","A","2017",3.078171,
"EU27_2020","BOP","TOT","PC_GDP","A","2018",2.82312,
